[{"pk": "1c9f1249eb193a42bc4c3ed2c765da41", "model": "sessions.session", "fields": {"expire_date": "2011-08-30 19:16:44", "session_data": "ZTZlZjliOTk3Mzk3ZTYzYmUzNjMyYjNmNzE3YzRiNGU5NTJjNmYwNzqAAn1xAS4=\n"}}, {"pk": "8d20142c00c1562cbb2d2ef646969d1b", "model": "sessions.session", "fields": {"expire_date": "2011-08-31 08:31:06", "session_data": "ZTZlZjliOTk3Mzk3ZTYzYmUzNjMyYjNmNzE3YzRiNGU5NTJjNmYwNzqAAn1xAS4=\n"}}, {"pk": "63652dde59e25b80594b103727aa48bc", "model": "sessions.session", "fields": {"expire_date": "2011-08-31 13:03:38", "session_data": "MDNkNDRjZGU3MDg3OWMyMWU0MjFhNzk3NzJiYzZhY2I1ZDQ0OTExZDqAAn1xAShVEl9hdXRoX3Vz\nZXJfYmFja2VuZHECVSlkamFuZ28uY29udHJpYi5hdXRoLmJhY2tlbmRzLk1vZGVsQmFja2VuZHED\nVQ1fYXV0aF91c2VyX2lkcQRLA3Uu\n"}}, {"pk": "e76a015c9daa582704d7b84cfb103a9a", "model": "sessions.session", "fields": {"expire_date": "2011-08-31 23:59:51", "session_data": "ZTZlZjliOTk3Mzk3ZTYzYmUzNjMyYjNmNzE3YzRiNGU5NTJjNmYwNzqAAn1xAS4=\n"}}, {"pk": "b4840386ea024d03aa5ad2a549aee550", "model": "sessions.session", "fields": {"expire_date": "2011-09-01 02:55:59", "session_data": "ZTZlZjliOTk3Mzk3ZTYzYmUzNjMyYjNmNzE3YzRiNGU5NTJjNmYwNzqAAn1xAS4=\n"}}, {"pk": "25d12148c3b97c07833b295767870c39", "model": "sessions.session", "fields": {"expire_date": "2011-09-01 10:16:51", "session_data": "ZDM5ODJkZmI3NDBkNDAxZGVhMTUyYjgzZWUyNzg1MzZlNjdhY2MwMjqAAn1xAShVEl9hdXRoX3Vz\nZXJfYmFja2VuZHECVSlkamFuZ28uY29udHJpYi5hdXRoLmJhY2tlbmRzLk1vZGVsQmFja2VuZHED\nVQ1fYXV0aF91c2VyX2lkcQRLBHUu\n"}}, {"pk": "34284c950c6fb6c8b43e157fcc59ff76", "model": "sessions.session", "fields": {"expire_date": "2011-09-01 12:59:06", "session_data": "ZTZlZjliOTk3Mzk3ZTYzYmUzNjMyYjNmNzE3YzRiNGU5NTJjNmYwNzqAAn1xAS4=\n"}}, {"pk": "c126166d0544935f217f52319067ee7d", "model": "sessions.session", "fields": {"expire_date": "2011-09-01 13:01:36", "session_data": "MjUyYTA3M2JjNWU0MWJhMjcyMWQ4MTViMTNkYjk0ZGVjYjRmOTYwNjqAAn1xAShVEl9hdXRoX3Vz\nZXJfYmFja2VuZHECVSlkamFuZ28uY29udHJpYi5hdXRoLmJhY2tlbmRzLk1vZGVsQmFja2VuZHED\nVQ1fYXV0aF91c2VyX2lkcQRLBXUu\n"}}, {"pk": "3ecb8fad2f68827dff621312e853216a", "model": "sessions.session", "fields": {"expire_date": "2011-09-01 13:22:57", "session_data": "MDNkNDRjZGU3MDg3OWMyMWU0MjFhNzk3NzJiYzZhY2I1ZDQ0OTExZDqAAn1xAShVEl9hdXRoX3Vz\nZXJfYmFja2VuZHECVSlkamFuZ28uY29udHJpYi5hdXRoLmJhY2tlbmRzLk1vZGVsQmFja2VuZHED\nVQ1fYXV0aF91c2VyX2lkcQRLA3Uu\n"}}, {"pk": 1, "model": "sites.site", "fields": {"domain": "example.com", "name": "example.com"}}, {"pk": 14, "model": "contenttypes.contenttype", "fields": {"model": "assignment", "name": "Assignment", "app_label": "core"}}, {"pk": 16, "model": "contenttypes.contenttype", "fields": {"model": "deadline", "name": "Deadline", "app_label": "core"}}, {"pk": 18, "model": "contenttypes.contenttype", "fields": {"model": "delivery", "name": "Delivery", "app_label": "core"}}, {"pk": 23, "model": "contenttypes.contenttype", "fields": {"model": "exercise", "name": "Exercise", "app_label": "trix"}}, {"pk": 17, "model": "contenttypes.contenttype", "fields": {"model": "filemeta", "name": "FileMeta", "app_label": "core"}}, {"pk": 8, "model": "contenttypes.contenttype", "fields": {"model": "node", "name": "Node", "app_label": "core"}}, {"pk": 10, "model": "contenttypes.contenttype", "fields": {"model": "period", "name": "Period", "app_label": "core"}}, {"pk": 19, "model": "contenttypes.contenttype", "fields": {"model": "staticfeedback", "name": "Static feedback", "app_label": "core"}}, {"pk": 25, "model": "contenttypes.contenttype", "fields": {"model": "status", "name": "Status", "app_label": "trix"}}, {"pk": 9, "model": "contenttypes.contenttype", "fields": {"model": "subject", "name": "Subject", "app_label": "core"}}, {"pk": 22, "model": "contenttypes.contenttype", "fields": {"model": "topic", "name": "Topic", "app_label": "trix"}}, {"pk": 15, "model": "contenttypes.contenttype", "fields": {"model": "assignmentgroup", "name": "assignment group", "app_label": "core"}}, {"pk": 13, "model": "contenttypes.contenttype", "fields": {"model": "candidate", "name": "candidate", "app_label": "core"}}, {"pk": 20, "model": "contenttypes.contenttype", "fields": {"model": "config", "name": "config", "app_label": "gradeeditors"}}, {"pk": 7, "model": "contenttypes.contenttype", "fields": {"model": "contenttype", "name": "content type", "app_label": "contenttypes"}}, {"pk": 26, "model": "contenttypes.contenttype", "fields": {"model": "exercisestatus", "name": "exercise status", "app_label": "trix"}}, {"pk": 21, "model": "contenttypes.contenttype", "fields": {"model": "feedbackdraft", "name": "feedback draft", "app_label": "gradeeditors"}}, {"pk": 4, "model": "contenttypes.contenttype", "fields": {"model": "group", "name": "group", "app_label": "auth"}}, {"pk": 6, "model": "contenttypes.contenttype", "fields": {"model": "message", "name": "message", "app_label": "auth"}}, {"pk": 24, "model": "contenttypes.contenttype", "fields": {"model": "periodexercise", "name": "period exercise", "app_label": "trix"}}, {"pk": 3, "model": "contenttypes.contenttype", "fields": {"model": "permission", "name": "permission", "app_label": "auth"}}, {"pk": 11, "model": "contenttypes.contenttype", "fields": {"model": "relatedexaminer", "name": "related examiner", "app_label": "core"}}, {"pk": 12, "model": "contenttypes.contenttype", "fields": {"model": "relatedstudent", "name": "related student", "app_label": "core"}}, {"pk": 1, "model": "contenttypes.contenttype", "fields": {"model": "session", "name": "session", "app_label": "sessions"}}, {"pk": 2, "model": "contenttypes.contenttype", "fields": {"model": "site", "name": "site", "app_label": "sites"}}, {"pk": 5, "model": "contenttypes.contenttype", "fields": {"model": "user", "name": "user", "app_label": "auth"}}, {"pk": 1, "model": "core.node", "fields": {"long_name": "Institutt for informatikk", "admins": [], "etag": "2011-08-16 18:57:21", "parentnode": null, "short_name": "ifi"}}, {"pk": 1, "model": "core.subject", "fields": {"long_name": "INF1000 - Grunnkurs i objektorientert programmering", "admins": [], "etag": "2011-08-16 18:58:09", "parentnode": 1, "short_name": "inf1000"}}, {"pk": 1, "model": "core.period", "fields": {"short_name": "uke1", "start_time": "2011-08-22 00:00:00", "parentnode": 1, "long_name": "Ukeoppgaver 1", "admins": [], "etag": "2011-08-16 18:59:28", "end_time": "2011-08-29 00:00:00", "minimum_points": 0}}, {"pk": 2, "model": "core.period", "fields": {"short_name": "uke2", "start_time": "2011-08-29 00:00:00", "parentnode": 1, "long_name": "Ukeoppgaver 2", "admins": [], "etag": "2011-08-16 18:59:54", "end_time": "2011-09-05 00:00:00", "minimum_points": 0}}, {"pk": 3, "model": "core.period", "fields": {"short_name": "uke3", "start_time": "2011-09-05 00:00:00", "parentnode": 1, "long_name": "Ukeoppgaver 3", "admins": [], "etag": "2011-08-16 19:00:20", "end_time": "2011-09-12 00:00:00", "minimum_points": 0}}, {"pk": 4, "model": "core.period", "fields": {"short_name": "uke4", "start_time": "2011-09-12 00:00:00", "parentnode": 1, "long_name": "Ukeoppgaver 4", "admins": [], "etag": "2011-08-16 19:00:50", "end_time": "2011-09-19 00:00:00", "minimum_points": 0}}, {"pk": 5, "model": "core.period", "fields": {"short_name": "uke5", "start_time": "2011-09-19 00:00:00", "parentnode": 1, "long_name": "Ukeoppgaver 5", "admins": [], "etag": "2011-08-16 19:01:19", "end_time": "2011-09-26 00:00:00", "minimum_points": 0}}, {"pk": 6, "model": "core.period", "fields": {"short_name": "uke6", "start_time": "2011-09-26 00:00:00", "parentnode": 1, "long_name": "Ukeoppgaver 6", "admins": [], "etag": "2011-08-16 19:02:08", "end_time": "2011-10-03 00:00:00", "minimum_points": 0}}, {"pk": 7, "model": "core.period", "fields": {"short_name": "uke7", "start_time": "2011-10-03 00:00:00", "parentnode": 1, "long_name": "Ukeoppgaver 7", "admins": [], "etag": "2011-08-16 19:02:53", "end_time": "2011-10-10 00:00:00", "minimum_points": 0}}, {"pk": 8, "model": "core.period", "fields": {"short_name": "uke8", "start_time": "2011-10-10 00:00:00", "parentnode": 1, "long_name": "Ukeoppgaver 8", "admins": [], "etag": "2011-08-16 19:03:16", "end_time": "2011-10-17 00:00:00", "minimum_points": 0}}, {"pk": 9, "model": "core.period", "fields": {"short_name": "uke9", "start_time": "2011-10-17 00:00:00", "parentnode": 1, "long_name": "Ukeoppgaver 9", "admins": [], "etag": "2011-08-16 19:03:58", "end_time": "2011-10-24 00:00:00", "minimum_points": 0}}, {"pk": 2, "model": "trix.topic", "fields": {"name": "Arrayer"}}, {"pk": 4, "model": "trix.topic", "fields": {"name": "I/O"}}, {"pk": 3, "model": "trix.topic", "fields": {"name": "L\u00f8kker"}}, {"pk": 1, "model": "trix.topic", "fields": {"name": "Variabler og uttrykk"}}, {"pk": 1, "model": "trix.exercise", "fields": {"short_name": "forste_prg", "prerequisites": [], "text": "<i>kap. 1, oppg. 1 (side 23 i l\u00e6reboken)</i><br>Lag et program som skriver f\u00f8lgende tekst p\u00e5 skjermen:<pre id=\"bq\">Rachmaninovs 3. klaverkonsert har et vakkert \u00e5pningstema </pre>Velg selv hvilket navn du vil gi klassen.<i>Tips:</i> <a href=\"http://www.uio.no/studier/emner/matnat/ifi/INF1000/h10/ukeoppgaver/ukeoppgaver1-tips.html\"><i>Fremgangsm\u00e5te for \u00e5 lage ditt f\u00f8rste program</i></a>", "topics": [1], "long_name": "Det f\u00f8rste programmet", "points": 6}}, {"pk": 2, "model": "trix.exercise", "fields": {"short_name": "finn5synfeil", "prerequisites": [], "text": "Finn feilene i dette programmet:<pre id=\"bq\">\nclass Utskrift {\n    public stitac void main(String args) (\n        System.out.println(\"Beethoven skrev Skjebnesymfonien\")\n        System.out.println(\"og \u00e5tte andre symfonier.);\n    }\n}\n</pre>", "topics": [1], "long_name": "Finn fem syntaksfeil", "points": 6}}, {"pk": 3, "model": "trix.exercise", "fields": {"short_name": "enkelfmt", "prerequisites": [], "text": "Vi \u00f8nsker \u00e5 skrive ut f\u00f8lgende tekst p\u00e5 skjermen (med samme pyramideformatering):<pre id=\"bq\">    a\n   a a\n  a b a\n a c c a\na d f d a</pre>Lag et Java-program som gj\u00f8r dette, ved \u00e5 bruke flere utskriftssetninger.<br /><br /><i>Tips:</i><br />Id\u00e9en her er \u00e5 finne hvor og hvordan man kan legge inn mellomroms-tegn i programmet for \u00e5 f\u00e5 til pyramideformateringen. Senere i kurset, i kapittel 3 (side 52) vil du l\u00e6re en annen m\u00e5te \u00e5 l\u00f8se denne oppgaven p\u00e5 hvor Java tar seg av pyramideformateringen.", "topics": [1], "long_name": "Enkel formatering av utskrift", "points": 6}}, {"pk": 4, "model": "trix.exercise", "fields": {"short_name": "rektareal", "prerequisites": [], "text": "<i>kap. 2, oppg. 1 (side 43)</i><br />Skriv et program som beregner arealet av rektanglene med disse sidest\u00f8rrelsene: 3 og 5, 7 og 3, samt 4 og 9, og som skriver ut resultatet med en passende fortekst. Kompier og kj\u00f8r programmet.<br /><br /><i>Tips:</i><br />Denne kan l\u00f8ses ved \u00e5 f\u00f8lge oppskriften fra programmet p\u00e5 side 30 og skrive et lignende program, men med litt andre variabelnavn og beregninger.", "topics": [1], "long_name": "Areal av rektangler", "points": 6}}, {"pk": 5, "model": "trix.exercise", "fields": {"short_name": "deklinit", "prerequisites": [], "text": "<i>kap. 2, oppg. 2 (side 43)</i><br />Finn feilene i dette programmet:<pre id=\"bq\">class Volum {\n    public static void main (String[] args) {\n        integer lengde, bredde, h\u00f8yde; lengde = 3;\n        volum = lengde * bredde * h\u00f8yde;\n        System.out.println(\"Volumet er: \" + volum);\n    }\n}</pre>", "topics": [1], "long_name": "Deklarasjon og initialisering av variabler", "points": 6}}, {"pk": 6, "model": "trix.exercise", "fields": {"short_name": "presedens", "prerequisites": [], "text": "Avgj\u00f8r i hvert av disse tilfellene, uten \u00e5 bruke datamaskin, hvilken verdi som blir skrevet ut p\u00e5 skjermen.<br><br>For \u00e5 svare p\u00e5 denne oppgaven m\u00e5 du kjenne reglene for evaluering (utregning) av numeriske uttrykk i Java. Kortversjonen av disse er at uttrykk beregnes fra venstre mot h\u00f8yre, men multiplikasjoner og divisjoner utf\u00f8res f\u00f8r addisjoner og subtraksjoner. Du kan lese mer om dette p\u00e5 side 37 i l\u00e6reboka.<pre id=\"bq\"> 1. System.out.println(3 * 4 + 5);\n 2. System.out.println(3 + 4 * 5);\n 3. System.out.println((3 + 4) * 5);\n 4. System.out.println(1 / 2 * 5);\n 5. System.out.println(1 / 2 * 5.0);\n 6. System.out.println(1.0 / 2 * 5);\n 7. System.out.println(4 * 2 * 2 * 1);\n 8. System.out.println(4 / 2 / 2 / 1);\n 9. System.out.println(5 * 4 / 3 * 2 / 1);</pre>Hvis du \u00f8nsker mer info kan du se f\u00f8lgende oversikt med presedens for alle operatorene. Jo h\u00f8yere oppe p\u00e5 denne lista operatoren st\u00e5r jo f\u00f8r blir den utf\u00f8rt, mens de som st\u00e5r p\u00e5 samme niv\u00e5 er likestilt og utf\u00f8res fra venstre til h\u00f8yre. Tabellen er tatt fra <a class=\"vrtx-link-check\" href=\"http://www.janeg.ca/scjp/oper/precedence.html\">www.janeg.ca/scjp/oper/precedence.html</a>, og er basert p\u00e5 side 378 i<i>The Java Programming Language</i>:<span align=\"center\"><table border=\"1\" align=\"center\"><tbody><tr><th>Operator type</th><th>Operators</th></tr><tr><td>Postfix</td><td><tt>[] . (</tt>params<tt>) </tt>expr<tt>++ </tt>expr<tt>--</tt></td></tr><tr><td>Unary</td><td><tt>++</tt>expr<tt> --</tt>expr<tt> +</tt>expr<tt> -</tt>expr<tt> ~ !</tt></td></tr><tr><td>Creation or Cast</td><td><tt>new (</tt>type<tt>)</tt>expr</td></tr><tr><td>Multiplicative</td><td><tt>* / %</tt></td></tr><tr><td>Additive</td><td><tt>+ -</tt></td></tr><tr><td>Shift</td><td><tt>&lt;&lt; &gt;&gt; &gt;&gt;&gt;</tt></td></tr><tr><td>Relational</td><td><tt>&lt; &gt; &gt;= &lt;= instanceof</tt></td></tr><tr><td>Equality</td><td><tt>== !=</tt></td></tr><tr><td>Bitwise AND</td><td><tt>&amp;</tt></td></tr><tr><td>Bitwise exclusive OR</td><td><tt>^</tt></td></tr><tr><td>Bitwise inclusive OR</td><td><tt>|</tt></td></tr><tr><td>Logical AND</td><td><tt>&amp;&amp;</tt></td></tr><tr><td>Logical OR</td><td><tt>||</tt></td></tr><tr><td>Ternary</td><td><tt>?:</tt></td></tr><tr><td>Assignment</td><td><tt>= += -= *= /= %= &gt;&gt;= &lt;&lt;= &gt;&gt;&gt;= &amp;= ^= |=</tt></td></tr></tbody></table>", "topics": [1], "long_name": "Presedensregler - i hvilken rekkef\u00f8lge utf\u00f8res regneoperasjonene?", "points": 6}}, {"pk": 7, "model": "trix.exercise", "fields": {"short_name": "logisk", "prerequisites": [], "text": "Avgj\u00f8r hvilken verdi den boolske variabelen <i>b</i> f\u00e5r etter hver av disse tilordningssetningene, n\u00e5r vi antar at heltallsvariablene <i>x</i>, <i>y</i>, og <i>z</i> har f\u00e5tt verdier som f\u00f8lger:<tt>int x = 3, y = 4, z = 1;</tt><pre id=\"bq\">  1.  b = (x &lt; y) &amp;&amp; (y &lt; z);\n  2.  b = (x &lt; y) || (y &lt; z);\n  3.  b = ! (x &lt; y);\n  4.  b = x &lt; y;\n  5.  b = x &lt;= y;\n  6.  b = (x == y);\n  7.  b = (x != y);</pre><span style=\"font-size: 90%; line-height: 1.2em;\"><b><i>Hint:</i></b> Eksempel p\u00e5 hvordan man kan bruke slike boolske uttrykk i et program:</span><pre style=\"font-size: 90%; line-height: 1.2em;\">    int x = 3, y = 4, z = 1;\n    if ((x &lt; y) &amp;&amp; (y &lt; z)) {\n        System.out.println(\"Det stemmer at x &lt; y &lt; z.\"); <font color=\"#229944\"></font><i>// Blir dette skrevet ut?</i>\n    }</pre>", "topics": [1], "long_name": "Logiske uttrykk", "points": 6}}, {"pk": 8, "model": "trix.exercise", "fields": {"short_name": "innlesing", "prerequisites": [1], "text": "Lag et program som ber om og leser inn to flyttall. Programmet skal deretter regne ut produktet av de to tallene og skrive ut svaret. Her er et eksempel p\u00e5 hvordan en kj\u00f8ring av programmet kan se ut:<pre id=\"bq\"> Oppgi verdien til x: 9\n Oppgi verdien til y: 10\n Produktet av x og y er 90.0</pre><div style=\"font-size: 90%; line-height: 1.2em;\"><i><b>Hint:</b></i> F\u00f8lg malen fra eksemplet p\u00e5 side 56.&nbsp; Innlesing fra terminal b\u00f8r gj\u00f8res i to steg, f\u00f8rst en utskrift som sier til bruker hva hun skal taste inn (det kalles for <i>ledetekst</i>), og s\u00e5 kommer selve setningen som henter input fra tastaturet.&nbsp; Bruk her <tt>tast.inDouble()</tt> og ikke <tt>tast.inInt()</tt>.&nbsp; Disse stopper kj\u00f8ringen av programmet inntil bruker har tastet inn et svar.&nbsp; N\u00e5r bruker har gjort det, blir tallet lagret i den angitte variabelen, og kj\u00f8ringen av programmet fortsetter med neste setning.</div>", "topics": [4], "long_name": "Innlesing fra terminal", "points": 6}}, {"pk": 9, "model": "trix.exercise", "fields": {"short_name": "desimaler", "prerequisites": [1], "text": "Ved utskrift av desimaltall er det ofte \u00f8nskelig \u00e5 kontrollere hvor mange desimaler som skrives ut. Bruker vi <tt>System.out.println(tall)</tt> til \u00e5 skrive ut en <b><tt>double</tt></b>-variabel <i>tall</i>, f\u00e5r vi med alle desimalene som er lagret i <i>tall</i> (med unntak av avsluttende nuller i desimalene). To m\u00e5ter \u00e5 kontrollere antall desimaler som skrives ut er:<ul><li><b>printf:</b> I nyere versjoner av Java (5.0 og 6, ogs\u00e5 kalt 1.5 og 1.6) finnes en metode som gir oss god kontroll over utskriften. Hvis vi skriver:<br><tt> &nbsp; System.out.printf(<font color=\"#775522\" style=\"line-height: 2em;\">\"Tall: %.2f\n\"</font>, tall);</tt><br>s\u00e5 f\u00e5r vi skrevet ut verdien i variabelen <i>tall</i> med 2 desimaler, og hvis vi skriver:<br><tt> &nbsp; System.out.printf(<font color=\"#775522\" style=\"line-height: 2em;\">\"Tall: %7.2f\n\"</font>, tall);</tt><br>s\u00e5 f\u00e5r vi skrevet ut <i>tall</i> p\u00e5 7 plasser (eller s\u00e5 mange som er n\u00f8dvendig) og med 2 desimaler. Om n\u00f8dvendig fyller Java p\u00e5 med blanke tegn til venstre slik at hele utskriften tar 7 plasser.&nbsp; Koden <tt>\\n</tt> (omvendt-skr\u00e5strek etterfulgt av n) gir et linjeskift, og kan tas bort i setningene over hvis du ikke \u00f8nsker linjeskift.&nbsp; <span style=\"font-size: 90%; line-height: 1.2em;\">Flere eksempler p\u00e5 bruk av <tt>printf</tt> kan du se <a class=\"vrtx-link-check\" href=\"http://josek.at.ifi.uio.no/inf1000/printf-liang5p64.pdf\">her <small>(PDF)</small></a> [Y.D. Liang <i>\"Introduction to Java Programming\"</i> 5.&nbsp;utg., side&nbsp;64], og <a class=\"vrtx-link-check\" href=\"http://en.wikipedia.org/wiki/Printf\">p\u00e5 Wikipedia</a></span>.<p></p></li><li><b>easyIO:</b> Pakken easyIO gir tilsvarende resultat med f\u00f8lgende setninger:<br><tt> &nbsp; skjerm.outln(tall, 2);</tt><br><tt> &nbsp; skjerm.outln(tall, 2, 7);</tt><br>For \u00e5 kunne bruke dette m\u00e5 programmet ha setningen \"<tt>import easyIO.*;</tt>\" \u00f8verst, og setningen \"<tt>Out skjerm = new Out();</tt>\" plassert p\u00e5 et passende sted i programmet f\u00f8r de ovennevnte <tt>skjerm.outln()</tt>-linjene, se eksemplet p\u00e5 side 50 i l\u00e6reboka.&nbsp; I tillegg m\u00e5 easyIO v\u00e6re installert p\u00e5 datamaskinen (mer om dette kommer p\u00e5 bloggen).<span style=\"font-size: 90%; line-height: 1.2em;\">For info om andre muligheter for formatert utskrift med easyIO se oversikten p\u00e5 side&nbsp;52.&nbsp; Ledeteksten <tt><font color=\"#775522\">\"Tall: \"</font></tt> kan skrives ut vha. en egen <tt>skjerm.out(<font color=\"#775522\">\"Tall: \"</font>)</tt>-setning som du kan plassere f\u00f8r de ovennevnte <tt>skjerm.outln</tt>-setningene.</span></li></ul><i><b>Oppgave:</b></i>Bruk dette til \u00e5 endre programmet fra forrige oppgave (i <a class=\"vrtx-link-check\" href=\"#nr3\">punkt 3.</a> ovenfor) til \u00e5 skrive ut produktet med 2 desimaler, og igjen med 3 desimaler p\u00e5 10 plasser.", "topics": [4], "long_name": "Utskrift med 2 desimaler p\u00e5 to m\u00e5ter: easyIO og printf", "points": 6}}, {"pk": 10, "model": "trix.exercise", "fields": {"short_name": "skatt", "prerequisites": [1], "text": "I det fiktive landet Ruritania er skattereglene slik at hvis en person har inntekt &lt; 10 000, s\u00e5 betaler man 10% skatt p\u00e5 hele inntekten, og hvis inntekten \u2265 10 000, s\u00e5 betaler man 10% skatt p\u00e5 de f\u00f8rste 10 000 kronene og 30% skatt p\u00e5 resten av inntekten.&nbsp; Lag et program som regner ut og skriver ut hvor mange kroner som skal betales i skatt.&nbsp; Programmet skal lese inntekten (som antas \u00e5 v\u00e6re et desimaltall) fra terminal.", "topics": [4], "long_name": "Beregning av skatt i Ruritania", "points": 6}}, {"pk": 11, "model": "trix.exercise", "fields": {"short_name": "typiske-feilmeld", "prerequisites": [], "text": "Hva betyr f\u00f8lgende feilmeldinger, som kompilatoren spytter ut n\u00e5r vi\npr\u00f8ver \u00e5 kompilere og debugge dette programmet:\n<style type=\"text/css\"> .ln {font-size:80%;color:#447744;}</style>\n<pre id=\"bq\">\n<span class=\"ln\">1</span>  class Test {\n\n<span class=\"ln\">2</span>      public static void main(String[] args) {\n<span class=\"ln\">3</span>          int jens;\n<span class=\"ln\">4</span>          int siv = Jens * 3;\n<span class=\"ln\">5</span>          System.out.println(\"Svar: \" siv);\n<span class=\"ln\">6</span>          erna = siv - jens;\n<span class=\"ln\">7</span>          System.out.printn(erna);\n\n<span class=\"ln\">8</span>      }\n</pre>\n<pre>\n   a.  Test.java:8: <b>reached end of file while parsing</b>\n           }\n            ^\n\n   b.  Test.java:4: <b>cannot find symbol</b>\n       symbol  : variable Jens\n       location: class Test\n          int siv = Jens * 3;\n                    ^\n\n   c.  Test.java:4: <b>variable Jens might not have been initialized</b>\n\n          int siv = Jens * 3;\n                    ^\n\n   d.  Test.java:5: <b>')' expected</b>\n          System.out.println(\"Svar: \" siv);\n                                     ^\n       Test.java:5: <b>illegal start of expression</b>\n          System.out.println(\"Svar: \" siv);\n                                         ^\n\n   e.  Test.java:6: <b>cannot find symbol</b>\n       symbol  : variable erna\n       location: class Test\n          erna = siv - jens;\n          ^\n\n   f.  Test.java:7: <b>cannot find symbol</b>\n       symbol  : <b>method</b> printn(int)\n       location: class java.io.PrintStream\n          System.out.printn(erna);\n                    ^\n\n\n</pre>\n\nHvis vi fjerner \"{\"-kr\u00f8llparentesen p\u00e5 linje 2 f\u00e5r vi ca. 10 nye\nfeilmeldinger, bl.a. f\u00f8lgende. Hva tipper du er grunnen til at s\u00e5 mange\nfeilmeldinger for\u00e5rsakes av bare denne enkle lille feilen?\n<pre>\n\n   g.  Test.java:2: <b>';' expected</b>\n           public static void main(String[] args)\n                                                 ^\n       Test.java:5: <b>&lt;identifier> expected</b>\n          System.out.println(\"Svar: \" + siv);\n                            ^\n       Test.java:5: <b>illegal start of type</b>\n\n          System.out.println(\"Svar: \" + siv);\n                             ^\n</pre>\n", "topics": [1], "long_name": "Typiske feilmeldinger", "points": 0}}, {"pk": 1, "model": "trix.periodexercise", "fields": {"starred": false, "points": 5, "period": 1, "exercise": 1, "number": 1}}, {"pk": 7, "model": "trix.periodexercise", "fields": {"starred": false, "points": 10, "period": 2, "exercise": 6, "number": 1}}, {"pk": 2, "model": "trix.periodexercise", "fields": {"starred": false, "points": 10, "period": 1, "exercise": 2, "number": 2}}, {"pk": 8, "model": "trix.periodexercise", "fields": {"starred": false, "points": 10, "period": 2, "exercise": 7, "number": 2}}, {"pk": 3, "model": "trix.periodexercise", "fields": {"starred": false, "points": 10, "period": 1, "exercise": 3, "number": 3}}, {"pk": 9, "model": "trix.periodexercise", "fields": {"starred": false, "points": 20, "period": 2, "exercise": 8, "number": 3}}, {"pk": 4, "model": "trix.periodexercise", "fields": {"starred": true, "points": 30, "period": 1, "exercise": 4, "number": 4}}, {"pk": 10, "model": "trix.periodexercise", "fields": {"starred": false, "points": 10, "period": 2, "exercise": 9, "number": 4}}, {"pk": 5, "model": "trix.periodexercise", "fields": {"starred": false, "points": 10, "period": 1, "exercise": 5, "number": 5}}, {"pk": 11, "model": "trix.periodexercise", "fields": {"starred": true, "points": 30, "period": 2, "exercise": 10, "number": 5}}, {"pk": 6, "model": "trix.periodexercise", "fields": {"starred": false, "points": 30, "period": 1, "exercise": 11, "number": 6}}, {"pk": 1, "model": "trix.status", "fields": {"active": true, "percentage": 1.0, "name": "L\u00f8st selv"}}, {"pk": 2, "model": "trix.status", "fields": {"active": true, "percentage": 0.75, "name": "L\u00f8st m/hjelp"}}, {"pk": 3, "model": "trix.status", "fields": {"active": true, "percentage": 0.0, "name": "Ikke ferdig"}}, {"pk": 1, "model": "trix.exercisestatus", "fields": {"status": 3, "exercise": 1, "student": 5, "time_done": "2011-08-18 13:02:25"}}, {"pk": 2, "model": "trix.exercisestatus", "fields": {"status": 1, "exercise": 4, "student": 5, "time_done": "2011-08-18 13:11:36"}}, {"pk": 3, "model": "trix.exercisestatus", "fields": {"status": 3, "exercise": 5, "student": 5, "time_done": "2011-08-18 13:11:42"}}, {"pk": 4, "model": "trix.exercisestatus", "fields": {"status": 1, "exercise": 6, "student": 5, "time_done": "2011-08-18 13:11:45"}}, {"pk": 5, "model": "trix.exercisestatus", "fields": {"status": 1, "exercise": 1, "student": 3, "time_done": "2011-08-18 13:24:13"}}, {"pk": 6, "model": "trix.exercisestatus", "fields": {"status": 2, "exercise": 4, "student": 3, "time_done": "2011-08-18 13:24:46"}}, {"pk": 7, "model": "trix.exercisestatus", "fields": {"status": 1, "exercise": 5, "student": 3, "time_done": "2011-08-18 13:24:47"}}, {"pk": 8, "model": "trix.exercisestatus", "fields": {"status": 2, "exercise": 12, "student": 3, "time_done": "2011-08-18 13:24:49"}}, {"pk": 9, "model": "trix.exercisestatus", "fields": {"status": 1, "exercise": 7, "student": 3, "time_done": "2011-08-18 13:25:43"}}, {"pk": 10, "model": "trix.exercisestatus", "fields": {"status": 2, "exercise": 10, "student": 3, "time_done": "2011-08-18 13:25:46"}}, {"pk": 11, "model": "trix.exercisestatus", "fields": {"status": 1, "exercise": 11, "student": 3, "time_done": "2011-08-18 13:25:47"}}, {"pk": 12, "model": "trix.exercisestatus", "fields": {"status": 1, "exercise": 6, "student": 3, "time_done": "2011-08-18 13:28:29"}}, {"pk": 10, "model": "auth.permission", "fields": {"codename": "add_group", "name": "Can add group", "content_type": 4}}, {"pk": 11, "model": "auth.permission", "fields": {"codename": "change_group", "name": "Can change group", "content_type": 4}}, {"pk": 12, "model": "auth.permission", "fields": {"codename": "delete_group", "name": "Can delete group", "content_type": 4}}, {"pk": 16, "model": "auth.permission", "fields": {"codename": "add_message", "name": "Can add message", "content_type": 6}}, {"pk": 17, "model": "auth.permission", "fields": {"codename": "change_message", "name": "Can change message", "content_type": 6}}, {"pk": 18, "model": "auth.permission", "fields": {"codename": "delete_message", "name": "Can delete message", "content_type": 6}}, {"pk": 7, "model": "auth.permission", "fields": {"codename": "add_permission", "name": "Can add permission", "content_type": 3}}, {"pk": 8, "model": "auth.permission", "fields": {"codename": "change_permission", "name": "Can change permission", "content_type": 3}}, {"pk": 9, "model": "auth.permission", "fields": {"codename": "delete_permission", "name": "Can delete permission", "content_type": 3}}, {"pk": 13, "model": "auth.permission", "fields": {"codename": "add_user", "name": "Can add user", "content_type": 5}}, {"pk": 14, "model": "auth.permission", "fields": {"codename": "change_user", "name": "Can change user", "content_type": 5}}, {"pk": 15, "model": "auth.permission", "fields": {"codename": "delete_user", "name": "Can delete user", "content_type": 5}}, {"pk": 19, "model": "auth.permission", "fields": {"codename": "add_contenttype", "name": "Can add content type", "content_type": 7}}, {"pk": 20, "model": "auth.permission", "fields": {"codename": "change_contenttype", "name": "Can change content type", "content_type": 7}}, {"pk": 21, "model": "auth.permission", "fields": {"codename": "delete_contenttype", "name": "Can delete content type", "content_type": 7}}, {"pk": 40, "model": "auth.permission", "fields": {"codename": "add_assignment", "name": "Can add Assignment", "content_type": 14}}, {"pk": 41, "model": "auth.permission", "fields": {"codename": "change_assignment", "name": "Can change Assignment", "content_type": 14}}, {"pk": 42, "model": "auth.permission", "fields": {"codename": "delete_assignment", "name": "Can delete Assignment", "content_type": 14}}, {"pk": 43, "model": "auth.permission", "fields": {"codename": "add_assignmentgroup", "name": "Can add assignment group", "content_type": 15}}, {"pk": 44, "model": "auth.permission", "fields": {"codename": "change_assignmentgroup", "name": "Can change assignment group", "content_type": 15}}, {"pk": 45, "model": "auth.permission", "fields": {"codename": "delete_assignmentgroup", "name": "Can delete assignment group", "content_type": 15}}, {"pk": 37, "model": "auth.permission", "fields": {"codename": "add_candidate", "name": "Can add candidate", "content_type": 13}}, {"pk": 38, "model": "auth.permission", "fields": {"codename": "change_candidate", "name": "Can change candidate", "content_type": 13}}, {"pk": 39, "model": "auth.permission", "fields": {"codename": "delete_candidate", "name": "Can delete candidate", "content_type": 13}}, {"pk": 46, "model": "auth.permission", "fields": {"codename": "add_deadline", "name": "Can add Deadline", "content_type": 16}}, {"pk": 47, "model": "auth.permission", "fields": {"codename": "change_deadline", "name": "Can change Deadline", "content_type": 16}}, {"pk": 48, "model": "auth.permission", "fields": {"codename": "delete_deadline", "name": "Can delete Deadline", "content_type": 16}}, {"pk": 52, "model": "auth.permission", "fields": {"codename": "add_delivery", "name": "Can add Delivery", "content_type": 18}}, {"pk": 53, "model": "auth.permission", "fields": {"codename": "change_delivery", "name": "Can change Delivery", "content_type": 18}}, {"pk": 54, "model": "auth.permission", "fields": {"codename": "delete_delivery", "name": "Can delete Delivery", "content_type": 18}}, {"pk": 49, "model": "auth.permission", "fields": {"codename": "add_filemeta", "name": "Can add FileMeta", "content_type": 17}}, {"pk": 50, "model": "auth.permission", "fields": {"codename": "change_filemeta", "name": "Can change FileMeta", "content_type": 17}}, {"pk": 51, "model": "auth.permission", "fields": {"codename": "delete_filemeta", "name": "Can delete FileMeta", "content_type": 17}}, {"pk": 22, "model": "auth.permission", "fields": {"codename": "add_node", "name": "Can add Node", "content_type": 8}}, {"pk": 23, "model": "auth.permission", "fields": {"codename": "change_node", "name": "Can change Node", "content_type": 8}}, {"pk": 24, "model": "auth.permission", "fields": {"codename": "delete_node", "name": "Can delete Node", "content_type": 8}}, {"pk": 28, "model": "auth.permission", "fields": {"codename": "add_period", "name": "Can add Period", "content_type": 10}}, {"pk": 29, "model": "auth.permission", "fields": {"codename": "change_period", "name": "Can change Period", "content_type": 10}}, {"pk": 30, "model": "auth.permission", "fields": {"codename": "delete_period", "name": "Can delete Period", "content_type": 10}}, {"pk": 31, "model": "auth.permission", "fields": {"codename": "add_relatedexaminer", "name": "Can add related examiner", "content_type": 11}}, {"pk": 32, "model": "auth.permission", "fields": {"codename": "change_relatedexaminer", "name": "Can change related examiner", "content_type": 11}}, {"pk": 33, "model": "auth.permission", "fields": {"codename": "delete_relatedexaminer", "name": "Can delete related examiner", "content_type": 11}}, {"pk": 34, "model": "auth.permission", "fields": {"codename": "add_relatedstudent", "name": "Can add related student", "content_type": 12}}, {"pk": 35, "model": "auth.permission", "fields": {"codename": "change_relatedstudent", "name": "Can change related student", "content_type": 12}}, {"pk": 36, "model": "auth.permission", "fields": {"codename": "delete_relatedstudent", "name": "Can delete related student", "content_type": 12}}, {"pk": 55, "model": "auth.permission", "fields": {"codename": "add_staticfeedback", "name": "Can add Static feedback", "content_type": 19}}, {"pk": 56, "model": "auth.permission", "fields": {"codename": "change_staticfeedback", "name": "Can change Static feedback", "content_type": 19}}, {"pk": 57, "model": "auth.permission", "fields": {"codename": "delete_staticfeedback", "name": "Can delete Static feedback", "content_type": 19}}, {"pk": 25, "model": "auth.permission", "fields": {"codename": "add_subject", "name": "Can add Subject", "content_type": 9}}, {"pk": 26, "model": "auth.permission", "fields": {"codename": "change_subject", "name": "Can change Subject", "content_type": 9}}, {"pk": 27, "model": "auth.permission", "fields": {"codename": "delete_subject", "name": "Can delete Subject", "content_type": 9}}, {"pk": 58, "model": "auth.permission", "fields": {"codename": "add_config", "name": "Can add config", "content_type": 20}}, {"pk": 59, "model": "auth.permission", "fields": {"codename": "change_config", "name": "Can change config", "content_type": 20}}, {"pk": 60, "model": "auth.permission", "fields": {"codename": "delete_config", "name": "Can delete config", "content_type": 20}}, {"pk": 61, "model": "auth.permission", "fields": {"codename": "add_feedbackdraft", "name": "Can add feedback draft", "content_type": 21}}, {"pk": 62, "model": "auth.permission", "fields": {"codename": "change_feedbackdraft", "name": "Can change feedback draft", "content_type": 21}}, {"pk": 63, "model": "auth.permission", "fields": {"codename": "delete_feedbackdraft", "name": "Can delete feedback draft", "content_type": 21}}, {"pk": 1, "model": "auth.permission", "fields": {"codename": "add_session", "name": "Can add session", "content_type": 1}}, {"pk": 2, "model": "auth.permission", "fields": {"codename": "change_session", "name": "Can change session", "content_type": 1}}, {"pk": 3, "model": "auth.permission", "fields": {"codename": "delete_session", "name": "Can delete session", "content_type": 1}}, {"pk": 4, "model": "auth.permission", "fields": {"codename": "add_site", "name": "Can add site", "content_type": 2}}, {"pk": 5, "model": "auth.permission", "fields": {"codename": "change_site", "name": "Can change site", "content_type": 2}}, {"pk": 6, "model": "auth.permission", "fields": {"codename": "delete_site", "name": "Can delete site", "content_type": 2}}, {"pk": 67, "model": "auth.permission", "fields": {"codename": "add_exercise", "name": "Can add Exercise", "content_type": 23}}, {"pk": 68, "model": "auth.permission", "fields": {"codename": "change_exercise", "name": "Can change Exercise", "content_type": 23}}, {"pk": 69, "model": "auth.permission", "fields": {"codename": "delete_exercise", "name": "Can delete Exercise", "content_type": 23}}, {"pk": 76, "model": "auth.permission", "fields": {"codename": "add_exercisestatus", "name": "Can add exercise status", "content_type": 26}}, {"pk": 77, "model": "auth.permission", "fields": {"codename": "change_exercisestatus", "name": "Can change exercise status", "content_type": 26}}, {"pk": 78, "model": "auth.permission", "fields": {"codename": "delete_exercisestatus", "name": "Can delete exercise status", "content_type": 26}}, {"pk": 70, "model": "auth.permission", "fields": {"codename": "add_periodexercise", "name": "Can add period exercise", "content_type": 24}}, {"pk": 71, "model": "auth.permission", "fields": {"codename": "change_periodexercise", "name": "Can change period exercise", "content_type": 24}}, {"pk": 72, "model": "auth.permission", "fields": {"codename": "delete_periodexercise", "name": "Can delete period exercise", "content_type": 24}}, {"pk": 73, "model": "auth.permission", "fields": {"codename": "add_status", "name": "Can add Status", "content_type": 25}}, {"pk": 74, "model": "auth.permission", "fields": {"codename": "change_status", "name": "Can change Status", "content_type": 25}}, {"pk": 75, "model": "auth.permission", "fields": {"codename": "delete_status", "name": "Can delete Status", "content_type": 25}}, {"pk": 64, "model": "auth.permission", "fields": {"codename": "add_topic", "name": "Can add Topic", "content_type": 22}}, {"pk": 65, "model": "auth.permission", "fields": {"codename": "change_topic", "name": "Can change Topic", "content_type": 22}}, {"pk": 66, "model": "auth.permission", "fields": {"codename": "delete_topic", "name": "Can delete Topic", "content_type": 22}}, {"pk": 2, "model": "auth.user", "fields": {"username": "sigmunha", "first_name": "Sigmund", "last_name": "Hansen", "is_active": true, "is_superuser": true, "is_staff": true, "last_login": "2010-08-25 22:17:21", "groups": [], "user_permissions": [], "password": "sha1$2c178$b02865f8883eb753cc6419cd95d7fe7f9a6bf9f5", "email": "mail@example.com", "date_joined": "2010-03-05 16:54:03"}}, {"pk": 3, "model": "auth.user", "fields": {"username": "erlendlv", "first_name": "Erlend", "last_name": "Larsen Vestad", "is_active": true, "is_superuser": true, "is_staff": true, "last_login": "2011-08-18 13:22:57", "groups": [], "user_permissions": [], "password": "sha1$2c178$b02865f8883eb753cc6419cd95d7fe7f9a6bf9f5", "email": "mail@example.com", "date_joined": "2010-03-05 16:54:03"}}, {"pk": 4, "model": "auth.user", "fields": {"username": "josek", "first_name": "Jose Luis", "last_name": "Rojas", "is_active": true, "is_superuser": true, "is_staff": true, "last_login": "2011-08-18 10:16:51", "groups": [], "user_permissions": [], "password": "sha1$2c178$b02865f8883eb753cc6419cd95d7fe7f9a6bf9f5", "email": "mail@example.com", "date_joined": "2010-03-05 16:54:03"}}, {"pk": 5, "model": "auth.user", "fields": {"username": "siriamj", "first_name": "Siri Annethe", "last_name": "Moe Jensen", "is_active": true, "is_superuser": true, "is_staff": true, "last_login": "2011-08-18 13:01:36", "groups": [], "user_permissions": [], "password": "sha1$2c178$b02865f8883eb753cc6419cd95d7fe7f9a6bf9f5", "email": "mail@example.com", "date_joined": "2010-03-05 16:54:03"}}, {"pk": 6, "model": "auth.user", "fields": {"username": "ragnhilk", "first_name": "Ragnhild", "last_name": "Kobro Runde", "is_active": true, "is_superuser": false, "is_staff": false, "last_login": "2010-05-29 12:42:50", "groups": [], "user_permissions": [], "password": "sha1$2c178$b02865f8883eb753cc6419cd95d7fe7f9a6bf9f5", "email": "mail@example.com", "date_joined": "2010-03-05 16:54:03"}}, {"pk": 7, "model": "auth.user", "fields": {"username": "arnem", "first_name": "Arne", "last_name": "Maus", "is_active": true, "is_superuser": false, "is_staff": false, "last_login": "2010-05-29 12:42:50", "groups": [], "user_permissions": [], "password": "sha1$2c178$b02865f8883eb753cc6419cd95d7fe7f9a6bf9f5", "email": "mail@example.com", "date_joined": "2010-03-05 16:54:03"}}, {"pk": 8, "model": "auth.user", "fields": {"username": "rantonse", "first_name": "Roger", "last_name": "Antonsen", "is_active": true, "is_superuser": false, "is_staff": false, "last_login": "2010-05-29 12:42:50", "groups": [], "user_permissions": [], "password": "sha1$2c178$b02865f8883eb753cc6419cd95d7fe7f9a6bf9f5", "email": "mail@example.com", "date_joined": "2010-03-05 16:54:03"}}, {"pk": 9, "model": "auth.user", "fields": {"username": "dag", "first_name": "Dag", "last_name": "Frette Langmyhr", "is_active": true, "is_superuser": false, "is_staff": false, "last_login": "2010-05-29 12:42:50", "groups": [], "user_permissions": [], "password": "sha1$2c178$b02865f8883eb753cc6419cd95d7fe7f9a6bf9f5", "email": "mail@example.com", "date_joined": "2010-03-05 16:54:03"}}]
